frame_idx,tag_id,coord_frame,v0_x,v0_y,v0_z,v1_x,v1_y,v1_z,v2_x,v2_y,v2_z,v3_x,v3_y,v3_z,v4_x,v4_y,v4_z,v5_x,v5_y,v5_z,v6_x,v6_y,v6_z,v7_x,v7_y,v7_z
0,1,camera,-0.55602455139160156,0.04189362376928320,1.51394844055175781,-0.43987262248992920,-0.17173889279365540,1.51796293258666992,-0.15339040756225580,-0.01388190872967240,1.62953579425811768,-0.26954236626625061,0.19975060224533081,1.62552118301391602,-0.57987380027770996,0.03038358874619000,1.59147012233734131,-0.46372184157371521,-0.18324893712997431,1.59548473358154297,-0.17723962664604179,-0.02539194375276560,1.70705747604370117,-0.29339158535003662,0.18824055790901181,1.70304298400878906
1,1,camera,-0.55687683820724487,0.04229643195867530,1.51674354076385498,-0.44252482056617731,-0.17215627431869501,1.52568173408508301,-0.15453229844570160,-0.01411669701337810,1.63302779197692871,-0.26888436079025269,0.20033600926399231,1.62408959865570091,-0.58069092035293579,0.03284116089344020,1.59455347061157249,-0.46633887290954590,-0.18161153793334961,1.60349166393280029,-0.17834638059139249,-0.02357196807861320,1.71083772182464600,-0.29269841313362122,0.19088074564933771,1.70189952850341797
2,1,camera,-0.55637317895889282,0.04199210926890370,1.51409459114074707,-0.44285273551940918,-0.17264449596405029,1.52789592742919922,-0.15543802082538599,-0.01371453329920760,1.63547575473785400,-0.26895844936370850,0.20092207193374631,1.62167441844940208,-0.58101648092269897,0.03395527973771090,1.59180557727813721,-0.46749603748321528,-0.18068131804466239,1.60560691356658936,-0.18008132278919220,-0.02175136283040040,1.71318674087524392,-0.29360175132751459,0.19288524985313410,1.69938540458679199
3,1,camera,-0.55900067090988159,0.04154273122549050,1.52335155010223411,-0.44357314705848688,-0.17244429886341089,1.52903330326080322,-0.15359060466289520,-0.01336292736232280,1.62924611568450928,-0.26901811361312861,0.20062409341335291,1.62356436252593994,-0.58078241348266602,0.03187439590692520,1.60172855854034424,-0.46535491943359369,-0.18211261928081510,1.60741031169891357,-0.17537237703800199,-0.02303126268088810,1.70762312412261963,-0.29079988598823547,0.19095577299594879,1.70194137096405029
4,1,camera,-0.55881196260452271,0.04187715798616400,1.52180135250091553,-0.44295364618301392,-0.17193029820919031,1.52487766742706299,-0.15338163077831260,-0.01354214921593660,1.62735009193420410,-0.26923996210098261,0.20026530325412750,1.62427377700805664,-0.58064103126525879,0.03117397427558890,1.60003066062927246,-0.46478271484375000,-0.18263347446918479,1.60310697555541992,-0.17521069943904871,-0.02424533106386660,1.70557940006256104,-0.29106903076171869,0.18956212699413300,1.70250308513641357
5,1,camera,-0.55908370018005371,0.04212421178817740,1.52187776565551758,-0.44404077529907221,-0.17204706370830530,1.52836060523986816,-0.15400788187980649,-0.01321398094296450,1.62882113456726074,-0.26905077695846558,0.20095731317996979,1.62233841419219971,-0.58105778694152832,0.03269238397479050,1.60022997856140137,-0.46601492166519159,-0.18147890269756309,1.60671269893646240,-0.17598202824592590,-0.02264580875635140,1.70717334747314431,-0.29102492332458491,0.19152547419071189,1.70069050788879395
6,1,camera,-0.55778467655181885,0.04225671663880340,1.51489973068237305,-0.44205069541931152,-0.17155131697654721,1.52106475830078125,-0.15548774600028989,-0.01324252039194100,1.63178682327270508,-0.27122175693511957,0.20056551694869990,1.62562179565429688,-0.58180928230285645,0.03148905187845230,1.59247398376464844,-0.46607530117034912,-0.18231898546218869,1.59863901138305664,-0.17951235175132749,-0.02401018515229220,1.70936107635498047,-0.29524636268615723,0.18979784846305839,1.70319604873657249
7,1,camera,-0.55853176116943359,0.04197349399328230,1.51626086235046409,-0.44339510798454279,-0.17204225063323969,1.52559113502502441,-0.15620858967304230,-0.01284181885421270,1.63338017463684082,-0.27134525775909418,0.20117390155792231,1.62404990196228050,-0.58246350288391113,0.03248912841081610,1.59403109550476074,-0.46732681989669800,-0.18152660131454459,1.60336136817932129,-0.18014030158519739,-0.02232618071138850,1.71115040779113770,-0.29527696967124939,0.19168955087661740,1.70182013511657715
8,1,camera,-0.55795675516128540,0.04231949523091310,1.51341915130615234,-0.44450846314430231,-0.17233987152576441,1.52745819091796875,-0.15794792771339411,-0.01368244830518960,1.63768637180328369,-0.27139621973037720,0.20097689330577850,1.62364733219146729,-0.58318960666656494,0.03405226022005080,1.59091651439666770,-0.46974128484725952,-0.18060709536075589,1.60495555400848411,-0.18318074941635129,-0.02194968238472930,1.71518373489379883,-0.29662904143333430,0.19270966947078699,1.70114469528198242
9,1,camera,-0.55990159511566162,0.04195924103260040,1.52013027667999290,-0.44539099931716919,-0.17247478663921351,1.52731454372406006,-0.15590694546699521,-0.01442746818065640,1.63055896759033203,-0.27041751146316528,0.20000655949115750,1.62337458133697510,-0.58258628845214844,0.03246332332491870,1.59827184677124023,-0.46807575225830078,-0.18197070062160489,1.60545623302459717,-0.17859169840812680,-0.02392338775098320,1.70870053768157959,-0.29310226440429688,0.19051064550876609,1.70151627063751221
10,1,camera,-0.55790174007415771,0.04269983619451520,1.51243638992309570,-0.44737267494201660,-0.17306740581989280,1.53177690505981445,-0.15982013940811149,-0.01592252403497690,1.64158761501312256,-0.27034923434257507,0.19984473288059229,1.62224709987640381,-0.58395713567733765,0.03629061952233310,1.58983743190765381,-0.47342804074287409,-0.17947663366794581,1.60917794704437256,-0.18587550520896909,-0.02233173884451380,1.71898865699768089,-0.29640460014343262,0.19343550503253931,1.69964814186096191
11,1,camera,-0.55819773674011230,0.04196889698505400,1.51122772693634033,-0.44400769472122192,-0.17266088724136350,1.51762616634368896,-0.15787303447723389,-0.01698583923280230,1.63308870792388916,-0.27206301689147949,0.19764393568038940,1.62669014930725098,-0.58332222700119019,0.03090277872979640,1.58841049671173096,-0.46913224458694458,-0.18372699618339530,1.59480905532836914,-0.18299755454063410,-0.02805195748805990,1.71027147769927979,-0.29718756675720209,0.18657782673835749,1.70387303829193115
12,1,camera,-0.55831778049468994,0.04204686358571050,1.51148998737335205,-0.44657754898071289,-0.17353579401969910,1.52507257461547829,-0.15947656333446500,-0.01762501150369640,1.63778555393218994,-0.27121677994728088,0.19795763492584220,1.62420296669006370,-0.58406496047973633,0.03357220441102980,1.58879554271697998,-0.47232475876808161,-0.18201044201850891,1.60237812995910645,-0.18522377312183380,-0.02609967067837710,1.71509110927581809,-0.29696398973464960,0.18948298692703239,1.70150852203369141
13,1,camera,-0.56039303541183472,0.04111693426966660,1.51783132553100608,-0.44798904657363892,-0.17429277300834650,1.52833092212677002,-0.15867316722869870,-0.01813078671693800,1.63486325740814209,-0.27107715606689448,0.19727891683578491,1.62436354160308838,-0.58435767889022827,0.03240646421909330,1.59568178653717041,-0.47195369005203242,-0.18300324678421021,1.60618150234222390,-0.18263781070709220,-0.02684125676751130,1.71271371841430664,-0.29504179954528809,0.18856844305992121,1.70221412181854248
14,1,camera,-0.56086552143096924,0.04083584621548650,1.51886522769927979,-0.44996297359466553,-0.17509414255619049,1.53373467922210693,-0.15922918915748591,-0.01872818358242510,1.63602316379547119,-0.27013176679611201,0.19720180332660669,1.62115371227264404,-0.58465909957885742,0.03399276733398430,1.59695446491241455,-0.47375655174255371,-0.18193723261356351,1.61182391643524170,-0.18302276730537409,-0.02557126060128210,1.71411240100860596,-0.29392534494400019,0.19035871326923370,1.69924294948577881
15,1,camera,-0.55902314186096191,0.04009342193603510,1.50873661041259766,-0.44538968801498408,-0.17476411163806910,1.51709783077239990,-0.15934365987777710,-0.01898426003754130,1.63263869285583496,-0.27297714352607721,0.19587327539920801,1.62427735328674316,-0.58448839187622070,0.02962792105972760,1.58589148521423340,-0.47085490822792048,-0.18522961437702179,1.59425282478332520,-0.18480888009071350,-0.02944976091384880,1.70979356765747070,-0.29844236373901362,0.18540777266025540,1.70143234729766846
16,1,camera,-0.56106686592102051,0.03970960155129430,1.51295065879821777,-0.44479387998580933,-0.17386315762996671,1.50927424430847168,-0.15672418475151059,-0.01895397529006000,1.62089121341705322,-0.27299717068672180,0.19461877644062039,1.62456762790679909,-0.58374607563018799,0.02602821588516230,1.59047067165374756,-0.46747305989265442,-0.18754453957080841,1.58679425716400169,-0.17940336465835571,-0.03263535723090170,1.69841122627258301,-0.29567635059356689,0.18093739449977869,1.70208764076232910
17,1,camera,-0.56148844957351685,0.03999723494052880,1.51085877418518089,-0.44578629732131958,-0.17391687631607050,1.51077127456665039,-0.15910750627517700,-0.01890469342470160,1.62577497959136963,-0.27480965852737421,0.19500941038131711,1.62586247920989990,-0.58545273542404175,0.02700379863381380,1.58811008930206299,-0.46975058317184448,-0.18691030144691459,1.58802258968353271,-0.18307179212570190,-0.03189813345670700,1.70302629470825195,-0.29877394437789911,0.18201598525047299,1.70311379432678223
18,1,camera,-0.56433439254760742,0.04014365002512930,1.51856589317321777,-0.45125484466552729,-0.17495326697826380,1.52818787097930908,-0.16124314069747919,-0.01787183806300160,1.63142538070678711,-0.27432265877723688,0.19722507894039151,1.62180340290069580,-0.58745086193084717,0.03148520365357390,1.59667825698852539,-0.47437134385108948,-0.18361170589923859,1.60630023479461670,-0.18435963988304130,-0.02653028443455690,1.70953774452209473,-0.29743915796279907,0.18856664001941681,1.69991576671600342
19,1,camera,-0.56299006938934326,0.04072967916727060,1.51001906394958496,-0.45157817006111139,-0.17479977011680600,1.52677249908447288,-0.16379278898239130,-0.01755959913134570,1.63583433628082275,-0.27520471811294550,0.19796985387802121,1.61908078193664551,-0.58846801519393921,0.03358603268861770,1.58754789829254150,-0.47705608606338501,-0.18194341659545890,1.60430145263671875,-0.18927070498466489,-0.02470324374735350,1.71336317062377930,-0.30068263411521912,0.19082620739936829,1.69660973548889160
20,1,camera,-0.56520968675613403,0.04054381698369980,1.51571536064147949,-0.45962214469909668,-0.17509450018405909,1.55441462993621848,-0.16526918113231659,-0.01557821221649640,1.64014816284179688,-0.27085670828819269,0.20006011426448819,1.60144901275634766,-0.58924531936645508,0.04282337427139280,1.59399676322936990,-0.48365780711174011,-0.17281495034694669,1.63269591331481911,-0.18930484354495999,-0.01329865120351310,1.71842956542968750,-0.29489237070083618,0.20233966410160059,1.67973029613494873
21,1,camera,-0.56532841920852661,0.04088351130485530,1.51305043697357178,-0.45298522710800171,-0.17441664636135101,1.52613091468811035,-0.16395317018032071,-0.01717764325439930,1.63184618949890137,-0.27629631757736201,0.19812251627445221,1.61876571178436279,-0.58951675891876221,0.03299295157194130,1.59091925621032715,-0.47717362642288208,-0.18230719864368439,1.60399973392486550,-0.18814153969287870,-0.02506820298731320,1.70971500873565674,-0.30048471689224238,0.19023196399211881,1.69663453102111816
22,1,camera,-0.56537616252899170,0.04046823456883430,1.51128375530242920,-0.45403981208801270,-0.17497327923774719,1.52959787845611550,-0.16494643688201899,-0.01673098653554910,1.63363516330718994,-0.27628281712532038,0.19871053099632260,1.61532104015350342,-0.59004676342010498,0.03433893620967860,1.58915984630584717,-0.47871038317680359,-0.18110257387161249,1.60747396945953369,-0.18961700797080991,-0.02286028489470480,1.71151125431060791,-0.30095338821411127,0.19258123636245719,1.69319713115692139
23,1,camera,-0.57054364681243896,0.04186858609318730,1.53407883644104004,-0.46536010503768921,-0.17300185561180109,1.57782077789306641,-0.15896409749984741,-0.01643019355833530,1.61016511917114258,-0.26414763927459711,0.19844025373458860,1.56642329692840576,-0.58399260044097900,0.05161540210247040,1.61429738998413086,-0.47880905866622919,-0.16325503587722770,1.65803921222686768,-0.17241302132606501,-0.00668337941169730,1.69038367271423340,-0.27759659290313721,0.20818707346916199,1.64664173126220703
24,1,camera,-0.56829637289047241,0.03969482332468030,1.52029561996459961,-0.45378556847572321,-0.17483839392662040,1.52329635620117210,-0.16203799843788139,-0.01773958280682560,1.62149345874786377,-0.27654883265495300,0.19679364562034601,1.61849272251129150,-0.58928859233856201,0.02958840876817700,1.59883272647857688,-0.47477772831916809,-0.18494480848312370,1.60183346271514893,-0.18303018808364860,-0.02784599922597400,1.70003056526184082,-0.29754099249839783,0.18668723106384269,1.69702982902526855
25,1,camera,-0.56886559724807739,0.03946888819336890,1.52299880981445312,-0.45431217551231379,-0.17506207525730130,1.52254128456115723,-0.16111247241497040,-0.01870440132915970,1.61754429340362571,-0.27566590905189509,0.19582657516002649,1.61800181865692139,-0.58866047859191895,0.02873099781572810,1.60176265239715576,-0.47410705685615540,-0.18579997122287750,1.60130512714386009,-0.18090735375881190,-0.02944229170680040,1.69630813598632790,-0.29546079039573669,0.18508867919445030,1.69676566123962402
26,1,camera,-0.56820720434188843,0.03962154686450950,1.51981925964355491,-0.45693844556808472,-0.17621837556362149,1.53318452835083008,-0.16470266878604889,-0.01953481882810590,1.63059031963348411,-0.27597141265869141,0.19630511105060569,1.61722493171691895,-0.59073954820632935,0.03286482766270630,1.59828913211822510,-0.47947078943252558,-0.18297509849071500,1.61165452003479004,-0.18723498284816739,-0.02629153989255420,1.70906019210815430,-0.29850375652313232,0.18954838812351221,1.69569492340087891
27,1,camera,-0.56667155027389526,0.03834318369626990,1.51276600360870361,-0.45056369900703430,-0.17529374361038200,1.50781965255737305,-0.16170762479305259,-0.02085786685347550,1.61805164813995361,-0.27781546115875239,0.19277906417846680,1.62299799919128418,-0.58887982368469238,0.02447614073753350,1.59038937091827393,-0.47277200222015381,-0.18916079401969910,1.58544301986694336,-0.18391592800617210,-0.03472490608692160,1.69567501544952393,-0.30002376437187189,0.17891201376914970,1.70062136650085449
28,1,camera,-0.56615316867828369,0.03882660716772070,1.51231133937835693,-0.45770537853240961,-0.17770914733409879,1.53461813926696777,-0.16701571643352500,-0.02154134213924400,1.63733386993408203,-0.27546349167823792,0.19499440491199491,1.61502695083618164,-0.59122645854949951,0.03428965061903000,1.59016776084899902,-0.48277869820594788,-0.18224610388278961,1.61247467994689941,-0.19208903610706329,-0.02607829868793480,1.71519029140472390,-0.30053681135177612,0.19045744836330411,1.69288349151611328
29,1,camera,-0.56635516881942749,0.03792814165353770,1.51194179058074951,-0.45331409573554993,-0.17733588814735410,1.51735973358154297,-0.16439887881278989,-0.02284977026283740,1.62736618518829368,-0.27743995189666748,0.19241425395011899,1.62194812297821045,-0.59025132656097412,0.02733370102941990,1.58957946300506592,-0.47721022367477411,-0.18793031573295590,1.59499752521514893,-0.18829500675201410,-0.03344421088695520,1.70500385761261009,-0.30133607983589172,0.18181982636451721,1.69958591461181641
30,1,camera,-0.56539571285247803,0.03801492974162100,1.50906777381896950,-0.45864611864089960,-0.17888107895851130,1.53565502166748047,-0.16787829995155329,-0.02313230559229850,1.63878476619720459,-0.27462792396545410,0.19376370310783381,1.61219763755798340,-0.59123337268829346,0.03481962159276000,1.58674085140228271,-0.48448371887207031,-0.18207639455795280,1.61332798004150391,-0.19371590018272400,-0.02632761374115940,1.71645784378051758,-0.30046552419662470,0.19056838750839231,1.68987059593200684
31,1,camera,-0.56901407241821289,0.03737777471542350,1.52165198326110840,-0.45772215723991388,-0.17875131964683530,1.52862083911895752,-0.16426971554756159,-0.02449532598257060,1.62624323368072510,-0.27556166052818298,0.19163376092910761,1.61927437782287598,-0.59062623977661133,0.02878172695636740,1.60020077228546143,-0.47933426499366760,-0.18734735250473020,1.60716962814331032,-0.18588182330131531,-0.03309137374162670,1.70479202270507790,-0.29717376828193659,0.18303772807121271,1.69782316684722900
32,1,camera,-0.56923532485961914,0.03618227690458290,1.52116250991821289,-0.45497831702232361,-0.17844130098819730,1.51584267616271950,-0.16170665621757499,-0.02477102540433400,1.61492109298706032,-0.27596366405487061,0.18985255062580109,1.62024092674255371,-0.58916425704956055,0.02362810261547560,1.59962344169616699,-0.47490721940994263,-0.19099546968936920,1.59430360794067383,-0.18163555860519409,-0.03732519596815100,1.69338202476501465,-0.29589256644248962,0.17729838192462921,1.69870185852050781
33,1,camera,-0.56521171331405640,0.03722502663731570,1.50528907775878906,-0.45796146988868708,-0.17992843687534329,1.52737998962402344,-0.16890747845172879,-0.02594210393726820,1.63772201538085938,-0.27615770697593689,0.19121135771274561,1.61563122272491455,-0.59188115596771240,0.03191434964537620,1.58256411552429199,-0.48463091254234308,-0.18523912131786341,1.60465490818023682,-0.19557692110538480,-0.03125278279185290,1.71499705314636230,-0.30282714962959290,0.18590067327022550,1.69290614128112793
34,1,camera,-0.56805366277694702,0.03580138087272640,1.51428020000457764,-0.45550858974456782,-0.17978866398334500,1.51516509056091309,-0.16422526538372040,-0.02729218639433380,1.62164616584777832,-0.27677029371261591,0.18829785287380210,1.62076127529144287,-0.59055966138839722,0.02437237463891500,1.59221434593200684,-0.47801464796066279,-0.19121767580509180,1.59309923648834251,-0.18673129379749290,-0.03872118890285490,1.69958031177520752,-0.29927635192871088,0.17686884105205530,1.69869542121887207
35,1,camera,-0.56665033102035522,0.03529167920351020,1.50847399234771729,-0.45479243993759150,-0.18065175414085380,1.51005351543426514,-0.16540922224521629,-0.02991913259029380,1.62396740913391113,-0.27726709842681879,0.18602427840232849,1.62238800525665283,-0.59085798263549805,0.02331790328025810,1.58581423759460449,-0.47900009155273438,-0.19262552261352539,1.58739364147186279,-0.18961687386035919,-0.04189290851354590,1.70130765438079834,-0.30147475004196161,0.17405050992965690,1.69972813129425049
36,1,camera,-0.56794589757919312,0.03431939333677290,1.51488220691680908,-0.46233031153678888,-0.18390603363513941,1.53409802913665749,-0.16851253807544700,-0.03278134018182750,1.63544785976409912,-0.27412813901901240,0.18544410169124600,1.61623215675354004,-0.59233295917510986,0.02938938327133650,1.59293258190155029,-0.48671734333038330,-0.18883605301380149,1.61214828491210938,-0.19289956986904139,-0.03771135210990900,1.71349823474884033,-0.29851517081260681,0.18051408231258390,1.69428241252899170
37,1,camera,-0.56876456737518311,0.03031289391219610,1.51973509788513184,-0.45679154992103571,-0.18535521626472470,1.50996005535125710,-0.16307668387889859,-0.03769329935312270,1.61657571792602539,-0.27504971623420710,0.17797482013702390,1.62635076045989990,-0.58976864814758301,0.01587901078164570,1.59758996963500977,-0.47779563069343561,-0.19978910684585571,1.58781492710113525,-0.18408076465129850,-0.05212718248367300,1.69443058967590310,-0.29605379700660700,0.16354092955589289,1.70420563220977783
38,1,camera,-0.56602340936660767,0.02847672253847120,1.51890861988067649,-0.46306142210960388,-0.19141751527786249,1.53275048732757568,-0.16788686811923981,-0.04651131480932230,1.63911557197570801,-0.27084884047508240,0.17338293790817261,1.62527382373809792,-0.59077471494674683,0.02178490906953810,1.59671282768249512,-0.48781272768974299,-0.19810932874679560,1.61055457592010498,-0.19263817369937891,-0.05320312827825540,1.71691977977752686,-0.29560014605522150,0.16669112443923950,1.70307791233062744
39,1,camera,-0.56281954050064087,0.02417197823524470,1.52343821525573730,-0.47430193424224848,-0.19411523640155789,1.58394920825958230,-0.16078288853168479,-0.05512852221727370,1.62670266628265381,-0.24930050969123840,0.16315867006778709,1.56619179248809792,-0.58011269569396973,0.03897400200366970,1.60213220119476318,-0.49159505963325500,-0.17931319773197171,1.66264307498931885,-0.17807601392269129,-0.04032649844884870,1.70539665222167969,-0.26659363508224487,0.17796070873737330,1.64488565921783447
40,1,camera,-0.55907160043716431,0.01416241005063050,1.53808450698852539,-0.45259499549865723,-0.20125539600849149,1.50061273574829102,-0.15035776793956751,-0.06999570876359940,1.60483813285827637,-0.25683438777923578,0.14542211592197410,1.64230990409851074,-0.57616072893142700,-0.00769230537116520,1.61516380310058594,-0.46968412399291992,-0.22311012446880341,1.57769203186035156,-0.16744692623615259,-0.09185042977333061,1.68191742897033691,-0.27392351627349848,0.12356738746166220,1.71938920021057129
41,1,camera,-0.55188286304473877,0.00479479506611820,1.55406785011291504,-0.45011460781097412,-0.21170857548713681,1.51029837131500244,-0.14323846995830530,-0.08751738071441650,1.60951006412506104,-0.24500671029090881,0.12898597121238700,1.65327942371368408,-0.56752014160156250,-0.01813734695315360,1.63114225864410400,-0.46575191617012018,-0.23464071750640869,1.58737289905548096,-0.15887577831745139,-0.11044952273368830,1.68658447265625000,-0.26064401865005488,0.10605383664369580,1.73035395145416260
42,1,camera,-0.53923308849334717,-0.00975842028856270,1.56562340259552002,-0.44116845726966858,-0.22258752584457389,1.50055921077728271,-0.12900978326797480,-0.10726520419120780,1.59381747245788552,-0.22707438468933100,0.10556390881538390,1.65888154506683350,-0.55126494169235229,-0.03846764937043190,1.64139866828918457,-0.45320034027099609,-0.25129675865173340,1.57633459568023682,-0.14104166626930231,-0.13597443699836731,1.66959273815155029,-0.23910626769065851,0.07685467600822440,1.73465692996978760
43,1,camera,-0.52529025077819824,-0.02590925991535180,1.58490025997161887,-0.43366155028343201,-0.23978394269943229,1.51413273811340310,-0.11609025299549100,-0.13086090981960291,1.59613037109375000,-0.20771896839141840,0.08301377296447750,1.66689789295196511,-0.53487020730972290,-0.05513642728328700,1.66082715988159180,-0.44324147701263428,-0.26901111006736750,1.59005963802337646,-0.12567017972469330,-0.16008807718753809,1.67205727100372314,-0.21729889512062070,0.05378660559654230,1.74282479286193848
44,1,camera,-0.50904542207717896,-0.04084134846925730,1.59708952903747559,-0.42410010099411011,-0.25846961140632629,1.52949905395507790,-0.10336959362030020,-0.15845027565956110,1.61053872108459473,-0.18831489980220789,0.05917798727750770,1.67812919616699219,-0.51964598894119263,-0.06867982447147369,1.67340159416198730,-0.43470066785812378,-0.28630807995796198,1.60581111907958984,-0.11397016048431390,-0.18628874421119690,1.68685078620910645,-0.19891546666622159,0.03133951872587200,1.75444126129150391
45,1,camera,-0.49021410942077631,-0.05654007941484450,1.60331702232360840,-0.41176009178161621,-0.27567505836486811,1.53281116485595703,-0.08836084604263300,-0.18668177723884580,1.61607265472412109,-0.16681486368179321,0.03245319426059720,1.68657863140106201,-0.50188171863555908,-0.08513049036264420,1.67919421195983887,-0.42342770099639893,-0.30426543951034540,1.60868823528289795,-0.10002845525741570,-0.21527218818664551,1.69194984436035156,-0.17848247289657590,0.00386278331279750,1.76245570182800293
46,1,camera,-0.47154223918914789,-0.07414890080690380,1.61702322959899902,-0.40059405565261841,-0.29508262872695917,1.54421615600585938,-0.07240895926952361,-0.21297833323478699,1.61487579345703125,-0.14335715770721430,0.00795541703701010,1.68768298625946045,-0.48093146085739130,-0.10232374072074890,1.69337058067321777,-0.40998327732086182,-0.32325750589370728,1.62056338787078857,-0.08179818093776700,-0.24115318059921259,1.69122314453125000,-0.15274637937545771,-0.02021943032741540,1.76403021812438965
47,1,camera,-0.44364702701568598,-0.08168133348226540,1.56932222843170166,-0.39919877052307129,-0.31667357683181763,1.61347234249114990,-0.06675828993320460,-0.24274599552154541,1.67227196693420410,-0.11120654642581940,-0.00775374472141260,1.62812185287475608,-0.46029555797576899,-0.06992330402135841,1.64866614341735840,-0.41584730148315430,-0.30491554737091059,1.69281625747680664,-0.08340679109096520,-0.23098796606063840,1.75161588191986084,-0.12785504758357999,0.00400428473949430,1.70746576786041260
48,1,camera,-0.42640557885169977,-0.09687803685665131,1.58436417579650879,-0.38501247763633728,-0.33467799425125122,1.61409699916839600,-0.05083882808685300,-0.26914161443710322,1.67302346229553223,-0.09223192930221551,-0.03134168684482570,1.64329063892364502,-0.44196239113807678,-0.08957122266292571,1.66446089744567871,-0.40056928992271418,-0.32737118005752558,1.69419372081756592,-0.06639564037322990,-0.26183480024337769,1.75312018394470193,-0.10778874158859250,-0.02403487265110010,1.72338736057281494
49,1,camera,-0.41129514575004578,-0.11229924857616420,1.61354255676269509,-0.36472851037979120,-0.34835273027420038,1.57809472084045410,-0.03404042124748230,-0.29598498344421381,1.66378235816955566,-0.08060705661773680,-0.05993153154850000,1.69923031330108643,-0.42920014262199402,-0.12761346995830530,1.69200134277343750,-0.38263350725173950,-0.36366695165634150,1.65655338764190674,-0.05194541811943050,-0.31129920482635498,1.74224114418029807,-0.09851205348968500,-0.07524575293064110,1.77768898010253906
50,1,camera,-0.38744285702705378,-0.12198645621538159,1.58888220787048340,-0.35139334201812739,-0.36234343051910400,1.58021080493927002,-0.02210271358489990,-0.31635746359825129,1.67450988292694092,-0.05815221369266510,-0.07600046694278710,1.68318140506744385,-0.40914526581764221,-0.12808281183242790,1.66763961315155029,-0.37309575080871582,-0.36843979358673090,1.65896809101104736,-0.04380512237548820,-0.32245382666587830,1.75326728820800781,-0.07985462248325340,-0.08209683001041410,1.76193869113922119
51,1,camera,-0.36723038554191589,-0.13242927193641660,1.57693767547607422,-0.33548778295516968,-0.37349051237106318,1.57163345813751221,-0.00626993179321280,-0.33226785063743591,1.66835808753967285,-0.03801251947879790,-0.09120662510395050,1.67366230487823486,-0.38974297046661371,-0.13712373375892639,1.65556359291076660,-0.35800039768218989,-0.37818497419357300,1.65025937557220459,-0.02878251671791070,-0.33696231245994568,1.74698400497436523,-0.06052510440349570,-0.09590108692646020,1.75228822231292725
52,1,camera,-0.34951665997505188,-0.14268141984939570,1.57886326313018799,-0.31941068172454828,-0.38365903496742249,1.56583809852600098,0.01019409298896780,-0.34775191545486450,1.66336107254028320,-0.01991187036037440,-0.10677430033683770,1.67638623714447021,-0.37196612358093262,-0.14972743391990659,1.65733146667480491,-0.34186017513275141,-0.39070504903793329,1.64430630207061768,-0.01225537061691280,-0.35479792952537531,1.74182927608489990,-0.04236133396625510,-0.11382031440734861,1.75485444068908691
53,1,camera,-0.33081334829330439,-0.15259885787963859,1.57214045524597168,-0.30344721674919128,-0.39406481385231018,1.56257295608520508,0.02591685950756070,-0.36066800355911249,1.66178655624389648,-0.00144925713539120,-0.11920207738876340,1.67135405540466309,-0.35385149717330933,-0.15831649303436279,1.65054607391357422,-0.32648536562919611,-0.39978241920471191,1.64097857475280762,0.00287871062755580,-0.36638563871383661,1.74019217491149902,-0.02448740601539610,-0.12491968274116511,1.74975967407226562
54,1,camera,-0.31114560365676880,-0.16128344833850861,1.55968928337097168,-0.28826004266738892,-0.40339690446853638,1.55779790878295898,0.04004107415676110,-0.37317425012588501,1.66145277023315430,0.01715551316738120,-0.13106079399585721,1.66334414482116699,-0.33555012941360468,-0.16420072317123410,1.63783526420593262,-0.31266456842422480,-0.40631419420242310,1.63594388961791992,0.01563651859760280,-0.37609153985977167,1.73959875106811523,-0.00724904239177700,-0.13397808372974390,1.74149012565612793
55,1,camera,-0.29674315452575678,-0.17222836613655090,1.57190406322479248,-0.27440616488456721,-0.41429710388183588,1.56483209133148193,0.05750562250614160,-0.38636231422424311,1.65699267387390137,0.03516864776611320,-0.14429353177547449,1.66406464576721191,-0.31829446554183960,-0.17652255296707151,1.65082168579101562,-0.29595747590065002,-0.41859132051467890,1.64374971389770508,0.03595431149005890,-0.39065650105476379,1.73591029644012429,0.01361733675003050,-0.14858774840831751,1.74298226833343506
56,1,camera,-0.27840837836265558,-0.17966222763061521,1.56069898605346680,-0.25891631841659540,-0.42200303077697748,1.55459749698638916,0.07104674726724620,-0.39797940850257868,1.65453040599822998,0.05155470222234720,-0.15563859045505521,1.66063201427459717,-0.30186963081359858,-0.18352302908897400,1.63909256458282471,-0.28237757086753840,-0.42586386203765869,1.63299095630645752,0.04758549481630320,-0.40184020996093750,1.73292398452758789,0.02809344977140420,-0.15949939191341400,1.73902547359466553
57,1,camera,-0.26366287469863892,-0.18881940841674799,1.56536912918090820,-0.24585147202014920,-0.43126100301742548,1.55822336673736550,0.08629836142063139,-0.40959972143173218,1.65121066570281982,0.06848694384098050,-0.16715811192989349,1.65835642814636230,-0.28548473119735718,-0.19274698197841639,1.64423143863677979,-0.26767331361770630,-0.43518859148025513,1.63708567619323730,0.06447653472423551,-0.41352730989456171,1.73007297515869141,0.04666511714458460,-0.17108570039272300,1.73721873760223411
58,1,camera,-0.24747924506664271,-0.19568604230880729,1.55793190002441406,-0.23254084587097160,-0.43835902214050287,1.55219590663909912,0.09870071709156029,-0.42025908827781677,1.64910209178924561,0.08376231789588920,-0.17758609354495999,1.65483796596527100,-0.27029860019683838,-0.19894883036613459,1.63654172420501709,-0.25536021590232849,-0.44162184000015259,1.63080585002899170,0.07588134706020350,-0.42352187633514399,1.72771191596984863,0.06094294786453240,-0.18084888160228729,1.73344790935516357
59,1,camera,-0.23404362797737119,-0.20284637808799741,1.55898058414459251,-0.22047805786132810,-0.44557642936706537,1.55232143402099609,0.11199724674224849,-0.42954567074775690,1.64528667926788330,0.09843167662620540,-0.18681563436985010,1.65194594860076904,-0.25593322515487671,-0.20623347163200370,1.63784921169281006,-0.24236765503883359,-0.44896352291107178,1.63118994235992432,0.09010764956474300,-0.43293276429176331,1.72415530681610107,0.07654207944869990,-0.19020272791385651,1.73081445693969727
60,1,camera,-0.22175297141075129,-0.20858791470527649,1.55616664886474609,-0.20903527736663810,-0.45138502120971680,1.55032980442047119,0.12404610961675640,-0.43612354993820190,1.64123213291168191,0.11132840067148200,-0.19332644343376160,1.64706909656524658,-0.24317768216133109,-0.21160960197448730,1.63517773151397705,-0.23045998811721799,-0.45440670847892761,1.62934076786041260,0.10262139886617661,-0.43914523720741272,1.72024321556091309,0.08990368992090220,-0.19634813070297241,1.72608006000518799
61,1,camera,-0.21030066907405850,-0.21194107830524439,1.55160319805145264,-0.19897514581680290,-0.45480060577392578,1.54550170898437500,0.13364730775356290,-0.44162273406982422,1.63838875293731689,0.12232178449630730,-0.19876320660114280,1.64449024200439431,-0.23220916092395780,-0.21494448184967041,1.63048207759857178,-0.22088363766670219,-0.45780402421951288,1.62438058853149392,0.11173881590366359,-0.44462615251541138,1.71726763248443604,0.10041329264640800,-0.20176659524440760,1.72336912155151367
62,1,camera,-0.20131362974643699,-0.21522606909275049,1.55086255073547363,-0.19004200398921961,-0.45808351039886469,1.54458069801330566,0.14260540902614591,-0.44504532217979431,1.63739812374114990,0.13133378326892850,-0.20218791067600250,1.64367985725402832,-0.22320397198200220,-0.21828243136405939,1.62974441051483154,-0.21193234622478480,-0.46113985776901240,1.62346267700195312,0.12071506679058069,-0.44810169935226440,1.71627998352050781,0.10944344103336330,-0.20524425804615021,1.72256183624267578
63,1,camera,-0.19437822699546811,-0.21720528602600089,1.55073547363281250,-0.18297040462493891,-0.46005934476852411,1.54456913471221924,0.14992797374725339,-0.44675457477569580,1.63644409179687500,0.13852015137672419,-0.20390056073665619,1.64261043071746848,-0.21604505181312561,-0.22022759914398191,1.62968039512634277,-0.20463722944259641,-0.46308159828186030,1.62351405620574951,0.12826114892959589,-0.44977688789367670,1.71538901329040527,0.11685331910848611,-0.20692284405231470,1.72155535221099831
64,1,camera,-0.18978942930698389,-0.21905343234539029,1.55938601493835449,-0.17858195304870600,-0.46185922622680659,1.55126297473907471,0.15614016354084009,-0.44925600290298462,1.63636076450347900,0.14493268728256220,-0.20645020902156830,1.64448380470275879,-0.20982827246189109,-0.22263306379318229,1.63873660564422607,-0.19862079620361320,-0.46543884277343750,1.63061356544494629,0.13610132038593289,-0.45283561944961548,1.71571135520935059,0.12489384412765500,-0.21002985537052149,1.72383439540863037
65,1,camera,-0.18516150116920471,-0.21917046606540680,1.55986118316650391,-0.17513398826122281,-0.46197110414504999,1.55019021034240723,0.15926215052604670,-0.45161283016204828,1.63685798645019509,0.14923463761806480,-0.20881219208240509,1.64652895927429199,-0.20557358860969541,-0.22316950559616089,1.63909649848938010,-0.19554607570171351,-0.46597015857696528,1.62942552566528320,0.13885006308555600,-0.45561188459396362,1.71609330177307129,0.12882255017757410,-0.21281123161315910,1.72576427459716797
66,1,camera,-0.18244066834449760,-0.22048375010490409,1.56135749816894509,-0.17239823937416071,-0.46333119273185730,1.55296051502227783,0.16257506608963010,-0.45239526033401489,1.63729703426361084,0.15253263711929321,-0.20954778790473930,1.64569401741027832,-0.20231306552886960,-0.22405071556568140,1.64075052738189697,-0.19227063655853269,-0.46689817309379578,1.63235354423522949,0.14270266890525810,-0.45596221089363098,1.71669006347656250,0.13266023993492121,-0.21311476826667780,1.72508704662322998
67,1,camera,-0.17980179190635681,-0.22096195816993711,1.56521093845367432,-0.17026439309120170,-0.46366858482360840,1.55301403999328591,0.16554108262062070,-0.45455262064933771,1.63419866561889648,0.15600368380546570,-0.21184597909450531,1.64639556407928489,-0.19889813661575309,-0.22570863366127011,1.64473247528076150,-0.18936073780059809,-0.46841526031494141,1.63253557682037354,0.14644473791122431,-0.45929929614067078,1.71372020244598411,0.13690733909606931,-0.21659265458583829,1.72591710090637207
68,1,camera,-0.17600315809249870,-0.21985229849815369,1.55963981151580811,-0.16751147806644440,-0.46252351999282831,1.54604518413543701,0.16767323017120361,-0.45549532771110529,1.62995696067810059,0.15918155014514920,-0.21282412111759180,1.64355146884918191,-0.19575697183609009,-0.22498801350593561,1.63897633552551270,-0.18726529181003571,-0.46765923500061030,1.62538182735443115,0.14791941642761230,-0.46063104271888727,1.70929348468780518,0.13942773640155789,-0.21795982122421259,1.72288811206817649
69,1,camera,-0.17241272330284119,-0.22116433084011070,1.56891155242919922,-0.16578213870525360,-0.46371883153915400,1.55249226093292236,0.17119061946868891,-0.45969468355178827,1.62912464141845703,0.16456003487110130,-0.21714018285274500,1.64554393291473411,-0.19046482443809509,-0.22705222666263580,1.64860057830810569,-0.18383423984050751,-0.46960669755935669,1.63218128681182861,0.15313851833343500,-0.46558254957199091,1.70881366729736328,0.14650793373584739,-0.22302807867527000,1.72523295879363991
70,1,camera,-0.16730767488479609,-0.22289836406707761,1.57058990001678489,-0.16371715068817139,-0.46558654308319092,1.55523455142974831,0.17408433556556699,-0.46520784497261047,1.62823712825775169,0.17049381136894221,-0.22251966595649719,1.64359247684478760,-0.18456992506980890,-0.22820946574211121,1.65049421787261963,-0.18097940087318420,-0.47089764475822449,1.63513886928558350,0.15682208538055420,-0.47051894664764399,1.70814144611358643,0.15323156118392939,-0.22783076763153071,1.72349679470062256
71,1,camera,-0.16180135309696189,-0.22450995445251459,1.56840896606445312,-0.16136097908020020,-0.46741819381713862,1.55650782585144043,0.17675195634365079,-0.47030776739120478,1.62799668312072754,0.17631158232688901,-0.22739952802658081,1.63989770412445091,-0.17876003682613370,-0.22846257686614990,1.64845681190490723,-0.17831966280937189,-0.47137081623077393,1.63655579090118408,0.15979327261447901,-0.47426038980484009,1.70804452896118164,0.15935289859771720,-0.23135215044021601,1.71994566917419434
72,1,camera,-0.15803329646587369,-0.22709029912948600,1.57047629356384277,-0.15828175842761991,-0.47004142403602600,1.55947923660278320,0.18093343079090110,-0.47337758541107178,1.62551927566528320,0.18118189275264740,-0.23042646050453180,1.63651633262634277,-0.17370696365833280,-0.23071014881134030,1.65080142021179199,-0.17395542562007901,-0.47366127371788019,1.63980436325073242,0.16525976359844199,-0.47699743509292603,1.70584440231323242,0.16550822556018829,-0.23404631018638611,1.71684145927429199
73,1,camera,-0.15329216420650479,-0.22740779817104340,1.56492793560028076,-0.15646545588970179,-0.47052523493766779,1.55944323539733887,0.18269683420658109,-0.47644406557083130,1.62557399272918701,0.18587012588977811,-0.23332661390304560,1.63105857372283936,-0.16899390518665311,-0.22901631891727439,1.64531290531158447,-0.17216719686985010,-0.47213375568389893,1.63982832431793191,0.16699509322643280,-0.47805255651473999,1.70595896244049072,0.17016838490962979,-0.23493513464927671,1.71144366264343262
74,1,camera,-0.14874593913555140,-0.22664156556129450,1.56451034545898438,-0.15396019816398621,-0.46968477964401240,1.55750691890716553,0.18479479849338529,-0.47890663146972651,1.62532556056976318,0.19000905752182001,-0.23586341738700861,1.63232898712158203,-0.16487406194210050,-0.22860920429229731,1.64480292797088623,-0.17008832097053520,-0.47165241837501520,1.63779950141906738,0.16866667568683619,-0.48087427020072931,1.70561814308166504,0.17388093471527100,-0.23783105611801139,1.71262156963348411
75,1,camera,-0.14586028456687919,-0.22659319639205930,1.55963623523712158,-0.15108874440193171,-0.46973544359207148,1.56050765514373779,0.18817338347434989,-0.47679606080055231,1.62601125240325928,0.19340184330940241,-0.23365382850170130,1.62513983249664307,-0.16137737035751340,-0.22597125172615051,1.64007079601287842,-0.16660583019256589,-0.46911346912384028,1.64094221591949463,0.17265629768371579,-0.47617411613464350,1.70644581317901589,0.17788475751876831,-0.23303188383579251,1.70557439327239990
76,1,camera,-0.14387556910514829,-0.22640043497085571,1.56222808361053489,-0.14736099541187281,-0.46956977248191828,1.56389188766479492,0.19290348887443540,-0.47403413057327271,1.62422025203704834,0.19638891518115989,-0.23086479306221000,1.62255644798278809,-0.15816658735275260,-0.22564369440078730,1.64288842678070091,-0.16165201365947721,-0.46881303191184998,1.64455223083496094,0.17861247062683100,-0.47327739000320429,1.70488059520721436,0.18209789693355560,-0.23010805249214170,1.70321679115295410
77,1,camera,-0.14261579513549799,-0.22588127851486201,1.56100308895111084,-0.14225094020366669,-0.46904459595680231,1.56521153450012207,0.19863632321357719,-0.46754902601242060,1.62207102775573730,0.19827146828174591,-0.22438572347164151,1.61786270141601562,-0.15609771013259879,-0.22450326383113861,1.64179444313049316,-0.15573285520076749,-0.46766656637191772,1.64600276947021484,0.18515440821647641,-0.46617102622985840,1.70286238193511963,0.18478955328464500,-0.22300770878791809,1.69865393638610840
78,1,camera,-0.14057648181915280,-0.22302880883216850,1.55926704406738281,-0.13656672835350031,-0.46613553166389460,1.56467843055725098,0.20485475659370420,-0.45932126045227051,1.61782252788543701,0.20084500312805170,-0.21621453762054441,1.61241114139556885,-0.15320470929145810,-0.22143578529357910,1.64019215106964111,-0.14919495582580561,-0.46454250812530518,1.64560353755950928,0.19222652912139890,-0.45772823691368097,1.69874763488769509,0.18821677565574640,-0.21462151408195490,1.69333624839782715
79,1,camera,-0.13744717836379999,-0.21867388486862180,1.55791592597961448,-0.12997898459434509,-0.46174055337905878,1.56092655658721924,0.21156400442123410,-0.45060741901397700,1.61253845691680908,0.20409584045410151,-0.20754076540470121,1.60952782630920410,-0.14970707893371579,-0.21804738044738770,1.63891088962554909,-0.14223888516426081,-0.46111404895782471,1.64192152023315430,0.19930410385131830,-0.44998091459274292,1.69353342056274392,0.19183593988418579,-0.20691423118114469,1.69052278995513916
80,1,camera,-0.13303887844085691,-0.21356245875358579,1.56298744678497314,-0.12300589680671691,-0.45655184984207148,1.56430399417877197,0.21966290473937980,-0.44217258691787720,1.60685622692108154,0.20962992310523981,-0.19918319582939140,1.60553967952728271,-0.14313504099845881,-0.21353884041309351,1.64428293704986550,-0.13310205936431879,-0.45652821660041809,1.64559948444366455,0.20956674218177790,-0.44214895367622370,1.68815171718597390,0.19953376054763791,-0.19915956258773801,1.68683516979217529
81,1,camera,-0.12597721815109250,-0.20636963844299311,1.57125520706176758,-0.11509974300861350,-0.44932401180267328,1.57021224498748779,0.22818273305892939,-0.43411332368850708,1.60716009140014648,0.21730525791645050,-0.19115892052650449,1.60820305347442649,-0.13471090793609619,-0.20711030066013331,1.65270495414733887,-0.12383343279361721,-0.45006468892097468,1.65166199207305908,0.21944904327392570,-0.43485397100448608,1.68860983848571777,0.20857156813144681,-0.19189959764480591,1.68965280055999756
82,1,camera,-0.10781327635049820,-0.21163657307624811,1.67012345790863037,-0.10679868608713150,-0.43371537327766418,1.57099616527557351,0.23445251584053040,-0.41014626622200012,1.52168607711791992,0.23343792557716370,-0.18806745111942291,1.62081336975097656,-0.09486291557550430,-0.24455788731575009,1.74401092529296875,-0.09384832531213760,-0.46663671731948853,1.64488363265991211,0.24740287661552429,-0.44306758046150208,1.59557354450225830,0.24638828635215759,-0.22098878026008600,1.69470083713531494
83,1,camera,-0.08525283634662620,-0.18635211884975431,1.68696546554565430,-0.09933921694755550,-0.40440344810485840,1.58018803596496582,0.24119715392589569,-0.39772439002990723,1.52162420749664307,0.25528353452682490,-0.17967306077480311,1.62840163707733154,-0.07211141288280480,-0.22259633243083951,1.75924646854400635,-0.08619779348373410,-0.44064766168594360,1.65246903896331809,0.25433856248855591,-0.43396860361099238,1.59390521049499512,0.26842495799064631,-0.21591727435588831,1.70068264007568359
84,-1,camera,,,,,,,,,,,,,,,,,,,,,,,,
85,-1,camera,,,,,,,,,,,,,,,,,,,,,,,,
86,-1,camera,,,,,,,,,,,,,,,,,,,,,,,,
87,-1,camera,,,,,,,,,,,,,,,,,,,,,,,,
88,-1,camera,,,,,,,,,,,,,,,,,,,,,,,,
89,-1,camera,,,,,,,,,,,,,,,,,,,,,,,,
90,-1,camera,,,,,,,,,,,,,,,,,,,,,,,,
91,-1,camera,,,,,,,,,,,,,,,,,,,,,,,,
92,-1,camera,,,,,,,,,,,,,,,,,,,,,,,,
93,-1,camera,,,,,,,,,,,,,,,,,,,,,,,,
94,-1,camera,,,,,,,,,,,,,,,,,,,,,,,,
95,-1,camera,,,,,,,,,,,,,,,,,,,,,,,,
96,-1,camera,,,,,,,,,,,,,,,,,,,,,,,,
97,-1,camera,,,,,,,,,,,,,,,,,,,,,,,,
98,1,camera,0.57880795001983643,0.54654270410537720,1.44561457633972168,0.40060514211654658,0.49071487784385681,1.60141336917877197,0.52838164567947388,0.17116665840148920,1.63305962085723877,0.70658445358276367,0.22699449956417081,1.47726082801818848,0.62560957670211792,0.57144218683242798,1.50806868076324463,0.44740676879882812,0.51561433076858521,1.66386747360229492,0.57518327236175537,0.19606614112854001,1.69551372528076150,0.75338608026504517,0.25189396739006042,1.53971493244171143
99,1,camera,0.64319711923599243,0.58211094141006470,1.52859306335449219,0.41549199819564819,0.50298309326171875,1.56077086925506592,0.53002399206161499,0.17703573405742640,1.56972134113311768,0.75772911310195923,0.25616359710693359,1.53754365444183350,0.65272933244705200,0.58768934011459351,1.60976517200469971,0.42502421140670771,0.50856149196624756,1.64194285869598411,0.53955620527267456,0.18261416256427759,1.65089344978332520,0.76726132631301880,0.26174199581146240,1.61871564388275169
100,1,camera,0.67430776357650757,0.59866410493850708,1.52163779735565208,0.44537073373794550,0.52184212207794189,1.55049049854278564,0.55654573440551758,0.19481064379215240,1.56188821792602539,0.78548270463943481,0.27163264155387878,1.53303551673889160,0.68265092372894287,0.60433375835418701,1.60293436050415039,0.45371395349502558,0.52751171588897705,1.63178706169128418,0.56488889455795288,0.20048026740550989,1.64318478107452393,0.79382592439651489,0.27730226516723627,1.61433207988738991
101,1,camera,0.70294708013534546,0.61376798152923584,1.51612401008605957,0.47291791439056391,0.53763508796691895,1.53701949119567871,0.58251714706420898,0.21014449000358579,1.55033361911773682,0.81254625320434570,0.28627735376358032,1.52943801879882790,0.70862877368927002,0.61898505687713623,1.59767997264862061,0.47859966754913330,0.54285222291946411,1.61857557296752930,0.58819884061813354,0.21536159515380859,1.63188958168029807,0.81822800636291504,0.29149445891380310,1.61099410057067871
102,1,camera,0.72820651531219482,0.62630909681320190,1.51077044010162354,0.49789115786552429,0.55015003681182861,1.52811598777770996,0.60693556070327759,0.22231313586235041,1.53658187389373779,0.83725094795227051,0.29847222566604609,1.51923632621765137,0.73312050104141235,0.63005304336547852,1.59245717525482178,0.50280511379241943,0.55389392375946045,1.60980272293090820,0.61184954643249512,0.22605705261230469,1.61826860904693604,0.84216487407684326,0.30221614241600031,1.60092306137084961
103,1,camera,0.75124555826187134,0.63661277294158936,1.50488960742950439,0.52107739448547363,0.55959481000900269,1.52028703689575195,0.63140851259231567,0.23230603337287900,1.53247106075286887,0.86157667636871338,0.30932399630546570,1.51707363128662109,0.75524264574050903,0.64100182056427002,1.58659422397613525,0.52507448196411133,0.56398391723632812,1.60199165344238281,0.63540560007095337,0.23669511079788200,1.61417567729949951,0.86557376384735107,0.31371307373046869,1.59877824783325195
104,1,camera,0.77256810665130615,0.64269685745239258,1.50035142898559570,0.54235792160034180,0.56642049551010132,1.51855611801147461,0.65172582864761353,0.23873630166053769,1.52861106395721436,0.88193601369857788,0.31501269340515131,1.51040637493133545,0.77763479948043823,0.64689350128173828,1.58200681209564209,0.54742461442947388,0.57061713933944702,1.60021150112152100,0.65679252147674561,0.24293297529220581,1.61026644706726074,0.88700270652770996,0.31920933723449701,1.59206175804138184
105,1,camera,0.79269903898239136,0.64567112922668457,1.49795246124267578,0.56183445453643799,0.57159519195556641,1.51694059371948242,0.66827297210693359,0.24302446842193601,1.52924835681915283,0.89913755655288696,0.31710040569305420,1.51026022434234619,0.79789125919342041,0.65041041374206543,1.57957017421722390,0.56702667474746704,0.57633447647094727,1.59855830669403076,0.67346519231796265,0.24776375293731689,1.61086606979370117,0.90432977676391602,0.32183969020843500,1.59187793731689431
106,1,camera,0.81150889396667480,0.64663869142532349,1.49978363513946511,0.57950729131698608,0.57612812519073486,1.51848578453063965,0.68063509464263916,0.24577799439430231,1.52750325202941895,0.91263669729232799,0.31628853082656860,1.50880110263824463,0.81691086292266846,0.65052115917205811,1.58143305778503418,0.58490926027297974,0.58001059293746948,1.60013520717620850,0.68603706359863281,0.24966043233871460,1.60915267467498779,0.91803866624832164,0.32017099857330322,1.59045052528381370
107,1,camera,0.82662969827651978,0.64669507741928101,1.50159990787506104,0.59358292818069458,0.57918322086334229,1.51826119422912598,0.69016563892364502,0.24741928279399869,1.52488100528717041,0.92321240901947021,0.31493112444877619,1.50821983814239502,0.83158159255981445,0.64976710081100464,1.58331239223480225,0.59853482246398926,0.58225524425506592,1.59997355937957764,0.69511753320693970,0.25049132108688349,1.60659348964691162,0.92816430330276478,0.31800317764282221,1.58993220329284690
108,1,camera,0.83871793746948242,0.64673024415969849,1.50472927093505859,0.60489118099212646,0.58168685436248779,1.52024185657501221,0.69765567779541016,0.24877797067165369,1.52264738082885742,0.93148243427276600,0.31382131576538080,1.50713479518890381,0.84359884262084961,0.64868098497390747,1.58648037910461448,0.60977208614349365,0.58363765478134155,1.60199296474456809,0.70253658294677734,0.25072872638702393,1.60439848899841309,0.93636333942413319,0.31577211618423462,1.58888590335845969
109,1,camera,0.84842163324356079,0.64726996421813965,1.50932645797729492,0.61407148838043213,0.58425021171569824,1.52528679370880127,0.70358043909072876,0.25046288967132568,1.52160501480102539,0.93793064355850220,0.31348270177841181,1.50564467906951904,0.85384017229080200,0.64782142639160156,1.59106516838073730,0.61948996782302856,0.58480161428451538,1.60702550411224365,0.70899897813796997,0.25101432204246521,1.60334372520446777,0.94334912300109863,0.31403413414955139,1.58738338947296143
110,1,camera,0.85202294588088989,0.64790058135986328,1.50903046131134033,0.61777746677398682,0.58464515209197998,1.52558493614196777,0.70751732587814331,0.25094133615493769,1.52030348777770996,0.94176280498504639,0.31419682502746582,1.50374913215637207,0.85773283243179321,0.64814275503158569,1.59075093269348145,0.62348735332489014,0.58488726615905762,1.60730528831481911,0.71322721242904663,0.25118348002433771,1.60202395915985107,0.94747269153594960,0.31443896889686579,1.58546948432922363
111,1,camera,0.85280555486679077,0.64862841367721558,1.50888943672180176,0.61884152889251709,0.58490121364593506,1.52748763561248779,0.70898640155792236,0.25138086080551147,1.51868879795074463,0.94295048713684082,0.31510800123214722,1.50009059906005859,0.85939776897430420,0.64825600385665894,1.59054291248321511,0.62543368339538574,0.58452886343002319,1.60914111137390137,0.71557861566543579,0.25100845098495478,1.60034227371215820,0.94954264163970958,0.31473565101623530,1.58174407482147217
112,1,camera,0.85026729106903076,0.65026760101318359,1.50830745697021484,0.61732983589172363,0.58414661884307861,1.53098797798156738,0.71066039800643921,0.25157007575035090,1.51995992660522461,0.94359779357910156,0.31769108772277832,1.49727940559387207,0.85832983255386353,0.64982700347900391,1.58982849121093750,0.62539243698120117,0.58370602130889893,1.61250901222229004,0.71872293949127197,0.25112947821617121,1.60148096084594727,0.95166039466857921,0.31725049018859858,1.57880043983459473
113,1,camera,0.84384405612945557,0.65172213315963745,1.50703883171081543,0.61228072643280029,0.58206850290298462,1.53298199176788330,0.71036869287490845,0.25095462799072260,1.51950240135192871,0.94193202257156361,0.32060822844505310,1.49355936050415039,0.85313159227371216,0.65116006135940552,1.58842873573303223,0.62156826257705688,0.58150649070739746,1.61437177658081032,0.71965622901916504,0.25039255619049072,1.60089230537414551,0.95121955871582042,0.32004618644714350,1.57494914531707764
114,1,camera,0.83617830276489258,0.65421867370605469,1.50685918331146240,0.60641312599182129,0.58032333850860596,1.53675341606140137,0.71049332618713379,0.25106310844421381,1.52281165122985840,0.94025850296020519,0.32495844364166260,1.49291729927063010,0.84677600860595703,0.65412902832031250,1.58809065818786621,0.61701083183288574,0.58023369312286377,1.61798501014709473,0.72109103202819824,0.25097346305847168,1.60404312610626221,0.95085620880126964,0.32486879825592041,1.57414889335632324
115,1,camera,0.82657730579376221,0.65638399124145508,1.50808191299438477,0.59893393516540527,0.57740950584411621,1.54106330871582031,0.70995074510574341,0.25053894519805908,1.52462387084960938,0.93759411573410045,0.32951340079307551,1.49164259433746338,0.83835011720657349,0.65630519390106201,1.58915162086486816,0.61070674657821655,0.57733076810836792,1.62213289737701416,0.72172355651855469,0.25046014785766602,1.60569357872009277,0.94936692714691162,0.32943460345268250,1.57271218299865723
116,1,camera,0.81573867797851562,0.65829217433929443,1.50863814353942871,0.59030246734619141,0.57397210597991943,1.54349339008331299,0.70898085832595825,0.24981297552585599,1.52689015865325928,0.93441706895828236,0.33413302898406982,1.49203491210937500,0.82811552286148071,0.65867578983306885,1.58961689472198486,0.60267931222915649,0.57435572147369385,1.62447214126586914,0.72135770320892334,0.25019657611846918,1.60786890983581543,0.94679391384124756,0.33451664447784418,1.57301366329193115
117,1,camera,0.80496191978454590,0.65906149148941040,1.50914704799652100,0.58107173442840576,0.57062965631484985,1.54377710819244385,0.70539367198944092,0.24868759512901301,1.52542686462402344,0.92928385734558105,0.33711943030357361,1.49079680442810059,0.81740987300872803,0.65925335884094238,1.59011554718017578,0.59351968765258789,0.57082152366638184,1.62474560737609863,0.71784162521362305,0.24887943267822260,1.60639536380767822,0.94173181056976318,0.33731126785278320,1.57176530361175537
118,1,camera,0.79581052064895630,0.66048830747604370,1.51169526576995850,0.57352226972579956,0.56825792789459229,1.54673469066619873,0.70310801267623901,0.24847514927387229,1.52709126472473145,0.92539626359939575,0.34070548415184021,1.49205195903778076,0.80849736928939819,0.66065800189971924,1.59262681007385232,0.58620911836624146,0.56842768192291260,1.62766611576080322,0.71579486131668091,0.24864484369754791,1.60802280902862571,0.93808311223983765,0.34087517857551569,1.57298338413238525
119,1,camera,0.78590250015258789,0.66013705730438232,1.51160001754760742,0.56470125913619995,0.56495356559753418,1.54560554027557351,0.69801390171051025,0.24693037569522849,1.52261960506439209,0.91921514272689819,0.34211391210556030,1.48861408233642578,0.79857540130615234,0.65959990024566650,1.59253203868865967,0.57737416028976440,0.56441634893417358,1.62653756141662598,0.71068680286407471,0.24639318883419031,1.60355162620544434,0.93188804388046265,0.34157669544219971,1.56954610347747803
